{
    "Crude Oil": {
        "Train": {
            "RMSE": 1.3399084458403832,
            "MAE": 0.9626529167471254,
            "R2": 0.9974689973666553
        },
        "Test": {
            "RMSE": 2.7880859024015945,
            "MAE": 1.5448618133505259,
            "R2": 0.9826204821330551
        }
    },
    "Heating Oil": {
        "Train": {
            "RMSE": 0.0365229067222274,
            "MAE": 0.026371256924785296,
            "R2": 0.9979691256340075
        },
        "Test": {
            "RMSE": 0.11851040667570921,
            "MAE": 0.06263835057347905,
            "R2": 0.9810157842776462
        }
    },
    "Natural Gas": {
        "Train": {
            "RMSE": 0.16470039360709746,
            "MAE": 0.11189578700611974,
            "R2": 0.9947473387252241
        },
        "Test": {
            "RMSE": 0.2248157560012734,
            "MAE": 0.1392252574853298,
            "R2": 0.985856658490784
        }
    },
    "RBOB Gasoline": {
        "Train": {
            "RMSE": 0.04225073243354289,
            "MAE": 0.029882348831093197,
            "R2": 0.9967357444536697
        },
        "Test": {
            "RMSE": 0.11060864004060131,
            "MAE": 0.05963283115564081,
            "R2": 0.9764298226068642
        }
    },
    "Brent Crude Oil": {
        "Train": {
            "RMSE": 1.4225340780080729,
            "MAE": 1.0283668308238882,
            "R2": 0.9970252123883394
        },
        "Test": {
            "RMSE": 2.4526129503742222,
            "MAE": 1.6909842242258157,
            "R2": 0.988252778475525
        }
    }
}