{
    "train": {
        "MAE": 0.39403766714183047,
        "RMSE": 0.8308171286737849,
        "R2": 0.9994761540389067
    },
    "test": {
        "MAE": 0.6365538420718992,
        "RMSE": 1.6027421268496462,
        "R2": 0.9978694368808717
    }
}