{
    "Crude Oil": {
        "Train": {
            "MAE": 0.009447108492584573,
            "RMSE": 0.012498410479637274,
            "R2": 0.992095429095233
        },
        "Test": {
            "MAE": 0.012630005061088752,
            "RMSE": 0.01918050450541642,
            "R2": 0.9722907470694697
        }
    },
    "Heating Oil": {
        "Train": {
            "MAE": 0.009330615946991255,
            "RMSE": 0.01243035303590531,
            "R2": 0.9945312259864755
        },
        "Test": {
            "MAE": 0.01688822334725269,
            "RMSE": 0.026433807782164954,
            "R2": 0.9802567466911052
        }
    },
    "Natural Gas": {
        "Train": {
            "MAE": 0.010860133185073834,
            "RMSE": 0.01646074191149095,
            "R2": 0.9899469296065847
        },
        "Test": {
            "MAE": 0.01256515609318022,
            "RMSE": 0.019015919527868866,
            "R2": 0.9808963058793956
        }
    },
    "RBOB Gasoline": {
        "Train": {
            "MAE": 0.012023006302315066,
            "RMSE": 0.016105268673465605,
            "R2": 0.9923343306681301
        },
        "Test": {
            "MAE": 0.017246459302394854,
            "RMSE": 0.023617684644624097,
            "R2": 0.9836692815262228
        }
    },
    "Brent Crude Oil": {
        "Train": {
            "MAE": 0.014468753087905108,
            "RMSE": 0.018623375037899573,
            "R2": 0.9923719968393521
        },
        "Test": {
            "MAE": 0.019736392398275557,
            "RMSE": 0.025159974837053355,
            "R2": 0.9349068818726946
        }
    }
}