{
    "train": {
        "MAE": 0.011225923402973967,
        "RMSE": 0.015223629827679741,
        "R2": 0.992255982439155
    },
    "test": {
        "MAE": 0.015813247240438415,
        "RMSE": 0.02268157825942554,
        "R2": 0.9704039926077777
    }
}