{
    "Crude Oil": {
        "Train": {
            "MAE": 0.007030837282653859,
            "RMSE": 0.009604872584332416,
            "R2": 0.9953420087043949
        },
        "Test": {
            "MAE": 0.009494389681962987,
            "RMSE": 0.015912091278141364,
            "R2": 0.9810652833298353
        },
        "Backtest_MAE30d": 2.645108133951823
    },
    "Heating Oil": {
        "Train": {
            "MAE": 0.007222770148337143,
            "RMSE": 0.01000955913593757,
            "R2": 0.9964638267622477
        },
        "Test": {
            "MAE": 0.013925155076096703,
            "RMSE": 0.02213878064865704,
            "R2": 0.9862309346835313
        },
        "Backtest_MAE30d": 0.13376862366994222
    },
    "Natural Gas": {
        "Train": {
            "MAE": 0.00942195267142507,
            "RMSE": 0.014825418533378591,
            "R2": 0.9918437542892931
        },
        "Test": {
            "MAE": 0.010539214673440107,
            "RMSE": 0.016341693349400038,
            "R2": 0.9859453841670316
        },
        "Backtest_MAE30d": 0.3355557378133138
    },
    "RBOB Gasoline": {
        "Train": {
            "MAE": 0.010166133079117663,
            "RMSE": 0.01397617597165656,
            "R2": 0.9942418643307965
        },
        "Test": {
            "MAE": 0.014371586916860595,
            "RMSE": 0.01977821002846167,
            "R2": 0.9886251177797972
        },
        "Backtest_MAE30d": 0.11168861309687295
    },
    "Brent Crude Oil": {
        "Train": {
            "MAE": 0.012108509274901763,
            "RMSE": 0.01584559926585779,
            "R2": 0.9944964271176024
        },
        "Test": {
            "MAE": 0.016461822646196434,
            "RMSE": 0.021908556625111132,
            "R2": 0.9527196538073579
        },
        "Backtest_MAE30d": 3.2824143981933593
    }
}