{
    "train": {
        "MAE": 0.009190040491287101,
        "RMSE": 0.012852325098232587,
        "R2": 0.9944775762408667
    },
    "test": {
        "MAE": 0.012958433798911364,
        "RMSE": 0.01921586638595425,
        "R2": 0.9789172747535106
    }
}